{
  "version": 1,
  "author": "Arvind Patil",
  "editor": "wokwi",
  "parts": [
    { "type": "wokwi-arduino-uno", "id": "esp", "top": -160.67, "left": 136, "attrs": {} },
    {
      "type": "board-ili9341-cap-touch",
      "id": "lcd1",
      "top": -229.77,
      "left": -88.12,
      "attrs": {}
    }
  ],
  "connections": [
    [ "esp:TX0", "$serialMonitor:RX", "", [] ],
    [ "esp:RX0", "$serialMonitor:TX", "", [] ],
    [ "lcd1:VCC", "esp:5V", "red", [ "v101.93", "h366.18" ] ],
    [ "lcd1:GND", "esp:GND.2", "black", [ "v59.93", "h353.91", "v-11.33" ] ],
    [ "lcd1:CS", "esp:10", "white", [ "v33.93", "h306.31" ] ],
    [ "lcd1:RST", "esp:8", "yellow", [ "v7.26", "h366.04" ] ],
    [ "lcd1:D/C", "esp:9", "blue", [ "v17.26", "h314.44" ] ],
    [ "lcd1:MOSI", "esp:11", "magenta", [ "v153.26", "h254.18" ] ],
    [ "lcd1:SCK", "esp:13", "green", [ "v115.93", "h183.24" ] ],
    [ "lcd1:MISO", "esp:12", "green", [ "v73.93", "h195.38", "v-323.33", "h58.67" ] ],
    [ "lcd1:LED", "esp:7", "green", [ "v36.46", "h189.32" ] ]
  ],
  "dependencies": {}
}