{
  "version": 1,
  "author": "Arvind Patil",
  "editor": "wokwi",
  "parts": [
    { "type": "wokwi-arduino-uno", "id": "uno", "top": -47.4, "left": 85.8, "attrs": {} },
    { "type": "wokwi-ili9341", "id": "lcd1", "top": -124, "left": -115.5, "attrs": {} }
  ],
  "connections": [
    [ "lcd1:VCC", "uno:5V", "red", [ "v19.2", "h316.8" ] ],
    [ "lcd1:GND", "uno:GND.2", "black", [ "v38.4", "h316.8" ] ],
    [ "lcd1:CS", "uno:10", "green", [ "v28.8", "h288" ] ],
    [ "lcd1:D/C", "uno:9", "white", [ "v9.6", "h316.8" ] ],
    [ "lcd1:MOSI", "uno:11", "blue", [ "v57.6", "h-0.01" ] ],
    [ "lcd1:SCK", "uno:13", "purple", [ "v48", "h201.59", "v-268.8", "h19.2" ] ],
    [ "lcd1:MISO", "uno:12", "yellow", [ "v-19.2", "h76.79", "v-230.4", "h115.2" ] ]
  ],
  "dependencies": {}
}